FechayHora ; AlturaCeneha ; AlturaPrefectura
26/07/2017 12:00 ; 4.27 ; 4.25
26/07/2017 00:00 ; 4.28 ; 4.28
27/07/2017 12:00 ; 4.21 ; 4.18
27/07/2017 00:00 ; 4.23 ; 4.2
28/07/2017 12:00 ; 4.15 ; 4.15
28/07/2017 00:00 ; 4.18 ; 4.18
29/07/2017 12:00 ; 4.08 ; 4.1
29/07/2017 00:00 ; 4.12 ; 4.13
30/07/2017 12:00 ; 3.98 ; 4.03
30/07/2017 00:00 ; 4.03 ; 4.03
31/07/2017 12:00 ; 3.92 ; 3.95
31/07/2017 00:00 ; 3.95 ; 3.99
01/08/2017 12:00 ; 3.85 ; 3.88
01/08/2017 00:00 ; 3.88 ; 3.9
02/08/2017 12:00 ; 3.8 ; 3.8
02/08/2017 00:00 ; 3.81 ; 3.83
03/08/2017 12:00 ; 3.72 ; 3.76
03/08/2017 00:00 ; 3.75 ; 3.78
04/08/2017 12:00 ; 3.66 ; 3.67
04/08/2017 00:00 ; 3.68 ; 3.72
05/08/2017 12:00 ; 3.6 ; 3.64
05/08/2017 00:00 ; 3.62 ; 3.67
06/08/2017 12:00 ; 3.54 ; 3.6
06/08/2017 00:00 ; 3.55 ; 3.6
07/08/2017 12:00 ; 3.44 ; 3.58
07/08/2017 00:00 ; 3.5 ; 3.58
08/08/2017 12:00 ; 3.41 ; 3.45
08/08/2017 00:00 ; 3.43 ; 3.49
09/08/2017 12:00 ; 3.33 ; 3.37
09/08/2017 00:00 ; 3.36 ; 3.39
10/08/2017 12:00 ; 3.27 ; 3.27
10/08/2017 00:00 ; 3.3 ; 3.34
11/08/2017 12:00 ; 3.25 ; 3.25
11/08/2017 00:00 ; 3.26 ; 3.27
12/08/2017 12:00 ; 3.18 ; 3.23
12/08/2017 00:00 ; 3.2 ; 3.25
13/08/2017 12:00 ; 3.12 ; 3.18
13/08/2017 00:00 ; 3.14 ; 3.2
14/08/2017 12:00 ; 3.05 ; 3.1
14/08/2017 00:00 ; 3.07 ; 3.13
15/08/2017 12:00 ; 3.05 ; 3.03
15/08/2017 00:00 ; 3.03 ; 3.05
16/08/2017 12:00 ; 3.01 ; 3.01
16/08/2017 00:00 ; 2.99 ; 3.02
17/08/2017 12:00 ; 2.97 ; 2.98
17/08/2017 00:00 ; 2.97 ; 3
18/08/2017 12:00 ; 2.96 ; 2.97
18/08/2017 00:00 ; 2.96 ; 2.98
19/08/2017 12:00 ; 2.95 ; 2.95
19/08/2017 00:00 ; 2.96 ; 2.97
20/08/2017 12:00 ; 2.91 ; 2.92
20/08/2017 00:00 ; 2.89 ; 2.93
21/08/2017 12:00 ; 2.88 ; 2.9
21/08/2017 00:00 ; 2.87 ; 2.9
22/08/2017 12:00 ; 2.87 ; 2.87
22/08/2017 00:00 ; 2.88 ; 2.9
23/08/2017 12:00 ; 2.9 ; 2.87
23/08/2017 00:00 ; 2.91 ; 2.87
24/08/2017 12:00 ; 2.92 ; 2.9
24/08/2017 00:00 ; 2.9 ; 2.87
25/08/2017 12:00 ; 2.96 ; 2.9
25/08/2017 00:00 ; 2.91 ; 2.9
26/08/2017 12:00 ; 2.93 ; 2.89
26/08/2017 00:00 ; 2.9 ; 2.89
27/08/2017 12:00 ; 2.97 ; 2.93
27/08/2017 00:00 ; 2.94 ; 2.89
28/08/2017 12:00 ; 2.96 ; 2.95
28/08/2017 00:00 ; 2.96 ; 2.95
29/08/2017 12:00 ; 2.87 ; 2.95
29/08/2017 00:00 ; 2.95 ; 2.95
30/08/2017 12:00 ; 2.96 ; 2.96
30/08/2017 00:00 ; 2.92 ; 2.97
31/08/2017 12:00 ; 2.94 ; 2.97
31/08/2017 00:00 ; 2.92 ; 2.96
01/09/2017 12:00 ; 2.98 ; 2.96
01/09/2017 00:00 ; 2.95 ; 2.97
02/09/2017 12:00 ; 3.01 ; 2.96
02/09/2017 00:00 ; 2.99 ; 2.96
03/09/2017 12:00 ; 2.99 ; 2.99
03/09/2017 00:00 ; 3.01 ; 2.96
04/09/2017 12:00 ; 3 ; 3.03
04/09/2017 00:00 ; 2.94 ; 3.03
05/09/2017 12:00 ; 3.04 ; 3.05
05/09/2017 00:00 ; 3.02 ; 3.03
06/09/2017 12:00 ; 3.04 ; 3.05
06/09/2017 00:00 ; 3.01 ; 3.05
07/09/2017 12:00 ; 3.01 ; 3.03
07/09/2017 00:00 ; 3.03 ; 3.05
08/09/2017 12:00 ; 3 ; 3
08/09/2017 00:00 ; 3.01 ; 3.03
09/09/2017 12:00 ; 2.99 ; 2.96
09/09/2017 00:00 ; 2.98 ; 3
10/09/2017 12:00 ; 2.83 ; 2.95
10/09/2017 00:00 ; 2.93 ; 2.95
11/09/2017 12:00 ; 2.91 ; 2.95
11/09/2017 00:00 ; 2.83 ; 2.97
12/09/2017 12:00 ; 2.84 ; 2.9
12/09/2017 00:00 ; 2.86 ; 2.93
13/09/2017 12:00 ; 2.77 ; 2.81
13/09/2017 00:00 ; 2.79 ; 2.87
14/09/2017 12:00 ; 2.77 ; 2.79
14/09/2017 00:00 ; 2.78 ; 2.81
15/09/2017 12:00 ; 2.72 ; 2.75
15/09/2017 00:00 ; 2.74 ; 2.76
16/09/2017 12:00 ; 2.68 ; 2.72
16/09/2017 00:00 ; 2.69 ; 2.75
17/09/2017 12:00 ; 2.64 ; 2.65
17/09/2017 00:00 ; 2.64 ; 2.7
18/09/2017 12:00 ; 2.62 ; 2.61
18/09/2017 00:00 ; 2.64 ; 2.67
19/09/2017 12:00 ; 2.6 ; 2.59
19/09/2017 00:00 ; 2.59 ; 2.61
20/09/2017 12:00 ; 2.6 ; 2.54
20/09/2017 00:00 ; 2.58 ; 2.59
21/09/2017 12:00 ; 2.54 ; 2.56
21/09/2017 00:00 ; 2.55 ; 2.54
22/09/2017 12:00 ; 2.46 ; 2.53
22/09/2017 00:00 ; 2.5 ; 2.58
23/09/2017 12:00 ; 2.42 ; 2.54
23/09/2017 00:00 ; 2.43 ; 2.51
24/09/2017 12:00 ; 2.38 ; 2.54
24/09/2017 00:00 ; 2.39 ; 2.54
25/09/2017 12:00 ; 2.4 ; 2.42
25/09/2017 00:00 ; 2.36 ; 2.54
26/09/2017 12:00 ; 2.4 ; 2.34
26/09/2017 00:00 ; 2.36 ; 2.36
27/09/2017 12:00 ; 2.39 ; 2.4
27/09/2017 00:00 ; 2.37 ; 2.34
28/09/2017 12:00 ; 2.42 ; 2.44
28/09/2017 00:00 ; 2.4 ; 2.4
29/09/2017 12:00 ; 2.47 ; 2.46
29/09/2017 00:00 ; 2.45 ; 2.44
30/09/2017 00:00 ; 2.47 ; 2.46
01/10/2017 12:00 ; 2.57 ; 2.5
01/10/2017 00:00 ; 2.51 ; 2.47
02/10/2017 12:00 ; 2.66 ; 2.6
02/10/2017 00:00 ; 2.61 ; 2.52
03/10/2017 12:00 ; 2.73 ; 2.72
03/10/2017 00:00 ; 2.68 ; 2.66
04/10/2017 00:00 ; 2.76 ; 2.72
05/10/2017 12:00 ; 2.83 ; 2.74
05/10/2017 00:00 ; 2.8 ; 2.74
06/10/2017 12:00 ; 2.89 ; 2.83
06/10/2017 00:00 ; 2.84 ; 2.76
07/10/2017 12:00 ; 2.85 ; 2.83
07/10/2017 00:00 ; 2.85 ; 2.83
08/10/2017 12:00 ; 2.79 ; 2.8
08/10/2017 00:00 ; 2.79 ; 2.83
09/10/2017 12:00 ; 2.77 ; 2.77
09/10/2017 00:00 ; 2.75 ; 2.78
10/10/2017 12:00 ; 2.74 ; 2.74
10/10/2017 00:00 ; 2.74 ; 2.77
11/10/2017 12:00 ; 2.73 ; 2.72
11/10/2017 00:00 ; 2.72 ; 2.74
12/10/2017 12:00 ; 2.72 ; 2.71
14/10/2017 12:00 ; 2.73 ; 2.74
14/10/2017 00:00 ; 2.69 ; 2.74
15/10/2017 12:00 ; 2.76 ; 2.74
15/10/2017 00:00 ; 2.72 ; 2.74
16/10/2017 12:00 ; 2.79 ; 2.74
16/10/2017 00:00 ; 2.75 ; 2.74
17/10/2017 12:00 ; 2.86 ; 2.75
17/10/2017 00:00 ; 2.8 ; 2.74
18/10/2017 12:00 ; 2.97 ; 2.75
18/10/2017 00:00 ; 2.9 ; 2.75
19/10/2017 12:00 ; 3.09 ; 2.8
19/10/2017 00:00 ; 3.01 ; 2.75
20/10/2017 12:00 ; 3.14 ; 3.01
20/10/2017 00:00 ; 3.09 ; 2.93
21/10/2017 12:00 ; 3.11 ; 3.11
21/10/2017 00:00 ; 3.15 ; 3.11
22/10/2017 12:00 ; 3.18 ; 3.13
22/10/2017 00:00 ; 3.16 ; 3.11
23/10/2017 12:00 ; 3.19 ; 3.18
23/10/2017 00:00 ; 3.18 ; 3.16
24/10/2017 12:00 ; 3.2 ; 3.18
24/10/2017 00:00 ; 3.18 ; 3.18
25/10/2017 12:00 ; 3.19 ; 3.18
25/10/2017 00:00 ; 3.17 ; 3.18
26/10/2017 12:00 ; 3.21 ; 3.18
26/10/2017 00:00 ; 3.18 ; 3.18
27/10/2017 12:00 ; 3.22 ; 3.16
27/10/2017 00:00 ; 3.19 ; 3.16
28/10/2017 12:00 ; 3.23 ; 3.21
28/10/2017 00:00 ; 3.22 ; 3.19
29/10/2017 12:00 ; 3.27 ; 3.21
29/10/2017 00:00 ; 3.23 ; 3.21
30/10/2017 12:00 ; 3.31 ; 3.25
30/10/2017 00:00 ; 3.26 ; 3.24
31/10/2017 12:00 ; 3.34 ; 3.31
31/10/2017 00:00 ; 3.29 ; 3.25
01/11/2017 12:00 ; 3.36 ; 3.32
01/11/2017 00:00 ; 3.32 ; 3.31
02/11/2017 12:00 ; 3.4 ; 3.34
02/11/2017 00:00 ; 3.36 ; 3.32
03/11/2017 12:00 ; 3.5 ; 3.36
03/11/2017 00:00 ; 3.45 ; 3.34
04/11/2017 12:00 ; 3.52 ; 3.46
04/11/2017 00:00 ; 3.5 ; 3.42
05/11/2017 12:00 ; 3.52 ; 3.5
05/11/2017 00:00 ; 3.51 ; 3.47
06/11/2017 12:00 ; 3.54 ; 3.5
06/11/2017 00:00 ; 3.51 ; 3.5
07/11/2017 12:00 ; 3.55 ; 3.51
07/11/2017 00:00 ; 3.55 ; 3.5
08/11/2017 12:00 ; 3.6 ; 3.53
08/11/2017 00:00 ; 3.54 ; 3.51
09/11/2017 12:00 ; 3.62 ; 3.55
09/11/2017 00:00 ; 3.58 ; 3.53
10/11/2017 12:00 ; 3.64 ; 3.59
10/11/2017 00:00 ; 3.62 ; 3.58
11/11/2017 12:00 ; 3.68 ; 3.62
11/11/2017 00:00 ; 3.65 ; 3.59
12/11/2017 12:00 ; 3.72 ; 3.62
12/11/2017 00:00 ; 3.68 ; 3.62
13/11/2017 12:00 ; 3.79 ; 3.64
13/11/2017 00:00 ; 3.73 ; 3.62
14/11/2017 12:00 ; 3.84 ; 3.74
14/11/2017 00:00 ; 3.78 ; 3.7
15/11/2017 12:00 ; 3.87 ; 3.78
15/11/2017 00:00 ; 3.83 ; 3.74
16/11/2017 12:00 ; 3.85 ; 3.82
16/11/2017 00:00 ; 3.77 ; 3.78
17/11/2017 12:00 ; 3.88 ; 3.85
17/11/2017 00:00 ; 3.86 ; 3.82
18/11/2017 12:00 ; 3.89 ; 3.88
18/11/2017 00:00 ; 3.85 ; 3.85
19/11/2017 12:00 ; 3.94 ; 3.88
19/11/2017 00:00 ; 3.91 ; 3.88
20/11/2017 12:00 ; 3.96 ; 3.88
20/11/2017 00:00 ; 3.93 ; 3.88
21/11/2017 12:00 ; 3.99 ; 3.95
21/11/2017 00:00 ; 3.95 ; 3.9
22/11/2017 12:00 ; 3.99 ; 3.95
22/11/2017 00:00 ; 4 ; 3.95
23/11/2017 12:00 ; 4.02 ; 3.93
23/11/2017 00:00 ; 3.96 ; 3.95
24/11/2017 12:00 ; 3.97 ; 3.96
24/11/2017 00:00 ; 3.97 ; 3.93
25/11/2017 12:00 ; 3.98 ; 3.96
25/11/2017 00:00 ; 3.95 ; 3.96
26/11/2017 12:00 ; 3.98 ; 3.98
26/11/2017 00:00 ; 3.95 ; 3.96
27/11/2017 12:00 ; 3.97 ; 3.91
27/11/2017 00:00 ; 3.95 ; 3.98
28/11/2017 12:00 ; 3.94 ; 3.91
28/11/2017 00:00 ; 3.95 ; 3.91
29/11/2017 12:00 ; 3.94 ; 3.9
29/11/2017 00:00 ; 3.93 ; 3.91
30/11/2017 12:00 ; 3.91 ; 3.88
30/11/2017 00:00 ; 3.87 ; 3.9
01/12/2017 12:00 ; 3.9 ; 3.84
01/12/2017 00:00 ; 3.89 ; 3.88
02/12/2017 12:00 ; 3.87 ; 3.84
02/12/2017 00:00 ; 3.87 ; 3.84
03/12/2017 12:00 ; 3.83 ; 3.82
03/12/2017 00:00 ; 3.83 ; 3.84
04/12/2017 12:00 ; 3.84 ; 3.8
04/12/2017 00:00 ; 3.83 ; 3.8
05/12/2017 12:00 ; 3.82 ; 3.78
05/12/2017 00:00 ; 3.82 ; 3.8
06/12/2017 12:00 ; 3.82 ; 3.77
06/12/2017 00:00 ; 3.79 ; 3.78
07/12/2017 12:00 ; 3.83 ; 3.77
07/12/2017 00:00 ; 3.81 ; 3.77
08/12/2017 12:00 ; 3.81 ; 3.75
08/12/2017 00:00 ; 3.8 ; 3.75
09/12/2017 12:00 ; 3.82 ; 3.74
10/12/2017 12:00 ; 3.78 ; 3.74
10/12/2017 00:00 ; 3.77 ; 3.74
11/12/2017 12:00 ; 3.74 ; 3.72
11/12/2017 00:00 ; 3.74 ; 3.74
12/12/2017 12:00 ; 3.74 ; 3.71
12/12/2017 00:00 ; 3.72 ; 3.72
13/12/2017 12:00 ; 3.72 ; 3.67
13/12/2017 00:00 ; 3.71 ; 3.71
14/12/2017 12:00 ; 3.71 ; 3.68
14/12/2017 00:00 ; 3.7 ; 3.67
15/12/2017 12:00 ; 3.72 ; 3.65
15/12/2017 00:00 ; 3.7 ; 3.68
16/12/2017 12:00 ; 3.71 ; 3.65
16/12/2017 00:00 ; 3.69 ; 3.65
17/12/2017 12:00 ; 3.69 ; 3.65
17/12/2017 00:00 ; 3.69 ; 3.65
18/12/2017 12:00 ; 3.66 ; 3.65
18/12/2017 00:00 ; 3.68 ; 3.65
19/12/2017 12:00 ; 3.65 ; 3.63
19/12/2017 00:00 ; 3.66 ; 3.63
20/12/2017 12:00 ; 3.64 ; 3.62
20/12/2017 00:00 ; 3.64 ; 3.63
21/12/2017 12:00 ; 3.37 ; 3.59
21/12/2017 00:00 ; 3.62 ; 3.62
22/12/2017 12:00 ; 3.64 ; 3.58
22/12/2017 00:00 ; 3.59 ; 3.59
23/12/2017 12:00 ; 3.59 ; 3.58
23/12/2017 00:00 ; 3.54 ; 3.58
24/12/2017 12:00 ; 3.58 ; 3.58
24/12/2017 00:00 ; 3.6 ; 3.58
25/12/2017 12:00 ; 3.57 ; 3.58
25/12/2017 00:00 ; 3.57 ; 3.58
26/12/2017 12:00 ; 3.54 ; 3.53
26/12/2017 00:00 ; 3.53 ; 3.58
27/12/2017 12:00 ; 3.54 ; 3.5
27/12/2017 00:00 ; 3.5 ; 3.5
28/12/2017 12:00 ; 3.52 ; 3.48
28/12/2017 00:00 ; 3.22 ; 3.5
29/12/2017 12:00 ; 3.5 ; 3.48
29/12/2017 00:00 ; 3.48 ; 3.48
30/12/2017 12:00 ; 3.5 ; 3.44
30/12/2017 00:00 ; 3.47 ; 3.44
31/12/2017 12:00 ; 3.4 ; 3.4
31/12/2017 00:00 ; 3.46 ; 3.42
01/01/2018 12:00 ; 3.44 ; 3.4
01/01/2018 00:00 ; 3.42 ; 3.4
02/01/2018 12:00 ; 3.41 ; 3.38
02/01/2018 00:00 ; 3.4 ; 3.4
03/01/2018 12:00 ; 3.39 ; 3.38
03/01/2018 00:00 ; 3.39 ; 3.38
04/01/2018 12:00 ; 3.39 ; 3.34
04/01/2018 00:00 ; 3.44 ; 3.38
05/01/2018 12:00 ; 3.37 ; 3.32
05/01/2018 00:00 ; 3.37 ; 3.34
06/01/2018 12:00 ; 3.37 ; 3.34
06/01/2018 00:00 ; 3.36 ; 3.32
07/01/2018 12:00 ; 3.39 ; 3.34
07/01/2018 00:00 ; 3.35 ; 3.34
08/01/2018 12:00 ; 3.39 ; 3.34
08/01/2018 00:00 ; 3.36 ; 3.34
09/01/2018 12:00 ; 3.43 ; 3.36
09/01/2018 00:00 ; 3.38 ; 3.34
10/01/2018 12:00 ; 3.47 ; 3.4
10/01/2018 00:00 ; 3.42 ; 3.36
11/01/2018 12:00 ; 3.5 ; 3.42
11/01/2018 00:00 ; 3.46 ; 3.4
12/01/2018 12:00 ; 3.52 ; 3.45
12/01/2018 00:00 ; 3.49 ; 3.42
13/01/2018 12:00 ; 3.53 ; 3.48
13/01/2018 00:00 ; 3.51 ; 3.45
14/01/2018 12:00 ; 3.54 ; 3.48
14/01/2018 00:00 ; 3.52 ; 3.48
15/01/2018 12:00 ; 3.6 ; 3.54
15/01/2018 00:00 ; 3.56 ; 3.48
16/01/2018 12:00 ; 3.63 ; 3.58
16/01/2018 00:00 ; 3.59 ; 3.56
17/01/2018 12:00 ; 3.65 ; 3.6
17/01/2018 00:00 ; 3.64 ; 3.58
18/01/2018 12:00 ; 3.67 ; 3.62
18/01/2018 00:00 ; 3.63 ; 3.6
19/01/2018 12:00 ; 3.7 ; 3.64
19/01/2018 00:00 ; 3.67 ; 3.62
20/01/2018 12:00 ; 3.73 ; 3.66
20/01/2018 00:00 ; 3.69 ; 3.64
21/01/2018 12:00 ; 3.74 ; 3.68
21/01/2018 00:00 ; 3.72 ; 3.66
22/01/2018 12:00 ; 3.78 ; 3.71
22/01/2018 00:00 ; 3.73 ; 3.68
23/01/2018 00:00 ; 3.77 ; 3.71
24/01/2018 12:00 ; 3.82 ; 3.76
24/01/2018 00:00 ; 3.79 ; 3.73
25/01/2018 12:00 ; 3.85 ; 3.82
25/01/2018 00:00 ; 3.83 ; 3.76
26/01/2018 12:00 ; 3.89 ; 3.84
26/01/2018 00:00 ; 3.86 ; 3.82
27/01/2018 00:00 ; 3.9 ; 3.84
28/01/2018 12:00 ; 4 ; 3.93
28/01/2018 00:00 ; 3.96 ; 3.84
29/01/2018 12:00 ; 4.03 ; 3.93
29/01/2018 00:00 ; 3.99 ; 3.93
30/01/2018 12:00 ; 4.06 ; 4
30/01/2018 00:00 ; 4.03 ; 3.98
31/01/2018 12:00 ; 4.09 ; 4.04
31/01/2018 00:00 ; 4.06 ; 4
01/02/2018 12:00 ; 4.15 ; 4.04
01/02/2018 00:00 ; 4.11 ; 4.04
02/02/2018 12:00 ; 4.2 ; 4.12
02/02/2018 00:00 ; 4.15 ; 4.1
03/02/2018 12:00 ; 4.24 ; 4.15
03/02/2018 00:00 ; 4.19 ; 4.12
04/02/2018 12:00 ; 4.27 ; 4.18
04/02/2018 00:00 ; 4.23 ; 4.15
05/02/2018 12:00 ; 4.31 ; 4.23
05/02/2018 00:00 ; 4.27 ; 4.18
06/02/2018 12:00 ; 4.34 ; 4.26
06/02/2018 00:00 ; 4.3 ; 4.23
07/02/2018 12:00 ; 4.36 ; 4.29
07/02/2018 00:00 ; 4.33 ; 4.26
08/02/2018 12:00 ; 4.4 ; 4.33
08/02/2018 00:00 ; 4.36 ; 4.29
09/02/2018 12:00 ; 4.4 ; 4.35
09/02/2018 00:00 ; 4.4 ; 4.33
10/02/2018 12:00 ; 4.43 ; 4.37
10/02/2018 00:00 ; 4.41 ; 4.35
11/02/2018 12:00 ; 4.44 ; 4.4
11/02/2018 00:00 ; 4.44 ; 4.37
12/02/2018 12:00 ; 4.46 ; 4.44
12/02/2018 00:00 ; 4.44 ; 4.4
13/02/2018 12:00 ; 4.49 ; 4.44
13/02/2018 00:00 ; 4.46 ; 4.44
14/02/2018 12:00 ; 4.52 ; 4.46
14/02/2018 00:00 ; 4.48 ; 4.44
15/02/2018 12:00 ; 4.53 ; 4.47
15/02/2018 00:00 ; 4.51 ; 4.46
16/02/2018 12:00 ; 4.54 ; 4.48
16/02/2018 00:00 ; 4.52 ; 4.47
17/02/2018 12:00 ; 4.55 ; 4.48
17/02/2018 00:00 ; 4.53 ; 4.48
18/02/2018 12:00 ; 4.56 ; 4.49
18/02/2018 00:00 ; 4.57 ; 4.48
19/02/2018 12:00 ; 4.56 ; 4.5
19/02/2018 00:00 ; 4.55 ; 4.49
20/02/2018 12:00 ; 4.55 ; 4.51
20/02/2018 00:00 ; 4.55 ; 4.5
21/02/2018 12:00 ; 4.54 ; 4.5
21/02/2018 00:00 ; 4.51 ; 4.51
22/02/2018 00:00 ; 4.54 ; 4.5
23/02/2018 12:00 ; 4.55 ; 4.48
23/02/2018 00:00 ; 4.53 ; 4.51
24/02/2018 12:00 ; 4.54 ; 4.5
24/02/2018 00:00 ; 4.52 ; 4.48
25/02/2018 12:00 ; 4.53 ; 4.5
25/02/2018 00:00 ; 4.52 ; 4.5
26/02/2018 12:00 ; 4.51 ; 4.46
26/02/2018 00:00 ; 4.51 ; 4.5
27/02/2018 12:00 ; 4.51 ; 4.46
27/02/2018 00:00 ; 4.5 ; 4.46
28/02/2018 12:00 ; 4.5 ; 4.44
28/02/2018 00:00 ; 4.49 ; 4.46
01/03/2018 12:00 ; 4.49 ; 4.44
01/03/2018 00:00 ; 4.49 ; 4.44
02/03/2018 12:00 ; 4.49 ; 4.44
02/03/2018 00:00 ; 4.48 ; 4.44
03/03/2018 12:00 ; 4.47 ; 4.42
03/03/2018 00:00 ; 4.47 ; 4.44
04/03/2018 12:00 ; 4.47 ; 4.4
04/03/2018 00:00 ; 4.46 ; 4.42
05/03/2018 12:00 ; 4.43 ; 4.38
05/03/2018 00:00 ; 4.43 ; 4.4
06/03/2018 12:00 ; 4.42 ; 4.38
06/03/2018 00:00 ; 4.42 ; 4.38
07/03/2018 12:00 ; 4.4 ; 4.36
07/03/2018 00:00 ; 4.39 ; 4.38
08/03/2018 12:00 ; 4.38 ; 4.34
08/03/2018 00:00 ; 4.38 ; 4.36
09/03/2018 12:00 ; 4.38 ; 4.33
09/03/2018 00:00 ; 4.36 ; 4.34
10/03/2018 12:00 ; 4.38 ; 4.33
10/03/2018 00:00 ; 4.36 ; 4.33
11/03/2018 12:00 ; 4.3 ; 4.33
11/03/2018 00:00 ; 4.32 ; 4.33
12/03/2018 12:00 ; 4.33 ; 4.29
12/03/2018 00:00 ; 4.31 ; 4.3
13/03/2018 12:00 ; 4.31 ; 4.27
13/03/2018 00:00 ; 4.31 ; 4.29
14/03/2018 12:00 ; 4.31 ; 4.26
14/03/2018 00:00 ; 4.3 ; 4.27
15/03/2018 12:00 ; 4.29 ; 4.26
15/03/2018 00:00 ; 4.3 ; 4.26
16/03/2018 12:00 ; 4.3 ; 4.26
16/03/2018 00:00 ; 4.28 ; 4.26
17/03/2018 12:00 ; 4.3 ; 4.26
17/03/2018 00:00 ; 4.28 ; 4.26
18/03/2018 00:00 ; 4.29 ; 4.26
19/03/2018 12:00 ; 4.29 ; 4.2
19/03/2018 00:00 ; 4.27 ; 4.22
20/03/2018 12:00 ; 4.29 ; 4.24
20/03/2018 00:00 ; 4.27 ; 4.2
21/03/2018 12:00 ; 4.27 ; 4.25
21/03/2018 00:00 ; 4.26 ; 4.24
22/03/2018 12:00 ; 4.27 ; 4.24
22/03/2018 00:00 ; 4.26 ; 4.25
23/03/2018 12:00 ; 4.29 ; 4.23
23/03/2018 00:00 ; 4.27 ; 4.24
24/03/2018 12:00 ; 4.28 ; 4.22
24/03/2018 00:00 ; 4.28 ; 4.23
25/03/2018 12:00 ; 4.24 ; 4.21
25/03/2018 00:00 ; 4.18 ; 4.22
26/03/2018 12:00 ; 4.26 ; 4.23
26/03/2018 00:00 ; 4.24 ; 4.21
27/03/2018 12:00 ; 4.27 ; 4.24
27/03/2018 00:00 ; 4.27 ; 4.23
28/03/2018 12:00 ; 4.3 ; 4.24
28/03/2018 00:00 ; 4.28 ; 4.24
29/03/2018 12:00 ; 4.31 ; 4.25
29/03/2018 00:00 ; 4.29 ; 4.24
30/03/2018 12:00 ; 4.32 ; 4.26
30/03/2018 00:00 ; 4.31 ; 4.25
31/03/2018 12:00 ; 4.32 ; 4.26
31/03/2018 00:00 ; 4.31 ; 4.26
01/04/2018 12:00 ; 4.34 ; 4.28
01/04/2018 00:00 ; 4.33 ; 4.26
02/04/2018 12:00 ; 4.34 ; 4.3
02/04/2018 00:00 ; 4.32 ; 4.28
03/04/2018 12:00 ; 4.34 ; 4.3
03/04/2018 00:00 ; 4.33 ; 4.3
04/04/2018 12:00 ; 4.35 ; 4.31
04/04/2018 00:00 ; 4.33 ; 4.3
05/04/2018 12:00 ; 4.36 ; 4.3
05/04/2018 00:00 ; 4.36 ; 4.31
06/04/2018 12:00 ; 4.36 ; 4.3
06/04/2018 00:00 ; 4.35 ; 4.3
07/04/2018 12:00 ; 4.36 ; 4.3
07/04/2018 00:00 ; 4.35 ; 4.3
08/04/2018 12:00 ; 4.41 ; 4.3
08/04/2018 00:00 ; 4.37 ; 4.3
09/04/2018 12:00 ; 4.41 ; 4.36
09/04/2018 00:00 ; 4.4 ; 4.35
10/04/2018 12:00 ; 4.42 ; 4.35
10/04/2018 00:00 ; 4.41 ; 4.36
11/04/2018 12:00 ; 4.43 ; 4.35
11/04/2018 00:00 ; 4.4 ; 4.35
12/04/2018 12:00 ; 4.35 ; 4.36
12/04/2018 00:00 ; 4.39 ; 4.32
13/04/2018 12:00 ; 4.36 ; 4.34
13/04/2018 00:00 ; 4.36 ; 4.36
14/04/2018 12:00 ; 4.36 ; 4.33
14/04/2018 00:00 ; 4.35 ; 4.34
15/04/2018 12:00 ; 4.36 ; 4.34
15/04/2018 00:00 ; 4.36 ; 4.33
16/04/2018 12:00 ; 4.35 ; 4.32
16/04/2018 00:00 ; 4.35 ; 4.33
17/04/2018 12:00 ; 4.36 ; 4.31
17/04/2018 00:00 ; 4.34 ; 4.32
18/04/2018 12:00 ; 4.35 ; 4.3
18/04/2018 00:00 ; 4.34 ; 4.31
19/04/2018 12:00 ; 4.34 ; 4.28
19/04/2018 00:00 ; 4.34 ; 4.3
20/04/2018 12:00 ; 4.39 ; 4.28
20/04/2018 00:00 ; 4.33 ; 4.28
21/04/2018 12:00 ; 4.37 ; 4.33
21/04/2018 00:00 ; 4.37 ; 4.33
22/04/2018 12:00 ; 4.34 ; 4.28
22/04/2018 00:00 ; 4.33 ; 4.33
23/04/2018 12:00 ; 4.33 ; 4.28
23/04/2018 00:00 ; 4.3 ; 4.28
24/04/2018 12:00 ; 4.29 ; 4.26
24/04/2018 00:00 ; 4.31 ; 4.28
25/04/2018 12:00 ; 4.27 ; 4.22
25/04/2018 00:00 ; 4.28 ; 4.26
26/04/2018 12:00 ; 4.26 ; 4.2
26/04/2018 00:00 ; 4.25 ; 4.22
27/04/2018 12:00 ; 4.21 ; 4.16
27/04/2018 00:00 ; 4.22 ; 4.2
28/04/2018 00:00 ; 4.18 ; 4.16
29/04/2018 12:00 ; 4.12 ; 4.13
29/04/2018 00:00 ; 4.13 ; 4.16
30/04/2018 12:00 ; 4.07 ; 4.07
30/04/2018 00:00 ; 4.1 ; 4.07
01/05/2018 12:00 ; 4.05 ; 4.04
01/05/2018 00:00 ; 4.06 ; 4.07
02/05/2018 12:00 ; 4.04 ; 4
02/05/2018 00:00 ; 4.02 ; 4.04
03/05/2018 12:00 ; 4.02 ; 4.01
03/05/2018 00:00 ; 4.01 ; 4
04/05/2018 12:00 ; 4.04 ; 4.02
04/05/2018 00:00 ; 4.03 ; 4.01
05/05/2018 12:00 ; 4.05 ; 3.94
05/05/2018 00:00 ; 4.05 ; 4.02
06/05/2018 12:00 ; 4.03 ; 3.97
06/05/2018 00:00 ; 4.05 ; 3.97
07/05/2018 12:00 ; 4.01 ; 3.98
07/05/2018 00:00 ; 4.02 ; 3.97
08/05/2018 12:00 ; 4.04 ; 4
08/05/2018 00:00 ; 3.99 ; 3.98
09/05/2018 12:00 ; 4.08 ; 4.05
09/05/2018 00:00 ; 4.06 ; 4
10/05/2018 12:00 ; 4.13 ; 4.05
10/05/2018 00:00 ; 4.09 ; 4.05
11/05/2018 12:00 ; 4.18 ; 4.1
11/05/2018 00:00 ; 4.13 ; 4.05
12/05/2018 12:00 ; 4.2 ; 4.11
12/05/2018 00:00 ; 4.18 ; 4.1
13/05/2018 12:00 ; 4.23 ; 4.11
13/05/2018 00:00 ; 4.2 ; 4.11
14/05/2018 12:00 ; 4.27 ; 4.24
14/05/2018 00:00 ; 4.23 ; 4.11
15/05/2018 12:00 ; 4.29 ; 4.28
15/05/2018 00:00 ; 4.28 ; 4.24
16/05/2018 12:00 ; 4.31 ; 4.3
16/05/2018 00:00 ; 4.3 ; 4.28
17/05/2018 12:00 ; 4.32 ; 4.29
17/05/2018 00:00 ; 4.3 ; 4.3
18/05/2018 12:00 ; 4.3 ; 4.29
18/05/2018 00:00 ; 4.29 ; 4.29
19/05/2018 12:00 ; 4.24 ; 4.25
19/05/2018 00:00 ; 4.27 ; 4.29
20/05/2018 12:00 ; 4.23 ; 4.23
20/05/2018 00:00 ; 4.24 ; 4.25
21/05/2018 12:00 ; 4.21 ; 4.2
21/05/2018 00:00 ; 4.24 ; 4.23
22/05/2018 12:00 ; 4.17 ; 4.16
22/05/2018 00:00 ; 4.19 ; 4.2
23/05/2018 12:00 ; 4.12 ; 4.1
23/05/2018 00:00 ; 4.14 ; 4.16
24/05/2018 12:00 ; 4.08 ; 4.08
24/05/2018 00:00 ; 4.09 ; 4.1
25/05/2018 12:00 ; 4.03 ; 4.02
25/05/2018 00:00 ; 4.04 ; 4.08
26/05/2018 12:00 ; 3.99 ; 3.98
26/05/2018 00:00 ; 4 ; 4.02
27/05/2018 12:00 ; 3.95 ; 3.93
27/05/2018 00:00 ; 3.97 ; 3.98
28/05/2018 12:00 ; 3.94 ; 3.9
28/05/2018 00:00 ; 3.93 ; 3.93
29/05/2018 12:00 ; 3.88 ; 3.84
29/05/2018 00:00 ; 3.89 ; 3.9
30/05/2018 12:00 ; 3.82 ; 3.84
30/05/2018 00:00 ; 3.85 ; 3.84
31/05/2018 12:00 ; 3.77 ; 3.78
31/05/2018 00:00 ; 3.8 ; 3.84
01/06/2018 12:00 ; 3.71 ; 3.72
01/06/2018 00:00 ; 3.73 ; 3.78
02/06/2018 12:00 ; 3.64 ; 3.69
02/06/2018 00:00 ; 3.66 ; 3.72
03/06/2018 12:00 ; 3.56 ; 3.58
03/06/2018 00:00 ; 3.57 ; 3.66
04/06/2018 12:00 ; 3.49 ; 3.52
04/06/2018 00:00 ; 3.51 ; 3.58
05/06/2018 12:00 ; 3.44 ; 3.48
05/06/2018 00:00 ; 3.45 ; 3.52
06/06/2018 12:00 ; 3.39 ; 3.43
06/06/2018 00:00 ; 3.42 ; 3.48
07/06/2018 12:00 ; 3.31 ; 3.36
07/06/2018 00:00 ; 3.35 ; 3.43
08/06/2018 12:00 ; 3.27 ; 3.3
08/06/2018 00:00 ; 3.29 ; 3.36
09/06/2018 12:00 ; 3.22 ; 3.24
09/06/2018 00:00 ; 3.24 ; 3.3
10/06/2018 12:00 ; 3.16 ; 3.24
10/06/2018 00:00 ; 3.19 ; 3.24
11/06/2018 12:00 ; 3.09 ; 3.1
11/06/2018 00:00 ; 3.11 ; 3.24
12/06/2018 12:00 ; 2.92 ; 3.04
12/06/2018 00:00 ; 3.03 ; 3.1
13/06/2018 12:00 ; 2.89 ; 3
13/06/2018 00:00 ; 2.92 ; 3.04
14/06/2018 12:00 ; 2.89 ; 2.98
14/06/2018 00:00 ; 2.89 ; 3
15/06/2018 12:00 ; 2.83 ; 2.92
15/06/2018 00:00 ; 2.84 ; 2.98
16/06/2018 12:00 ; 2.8 ; 2.86
16/06/2018 00:00 ; 2.79 ; 2.92
17/06/2018 12:00 ; 2.73 ; 2.8
17/06/2018 00:00 ; 2.76 ; 2.86
18/06/2018 12:00 ; 2.72 ; 2.78
18/06/2018 00:00 ; 2.72 ; 2.8
19/06/2018 12:00 ; 2.72 ; 2.76
19/06/2018 00:00 ; 2.71 ; 2.78
20/06/2018 12:00 ; 2.74 ; 2.78
20/06/2018 00:00 ; 2.74 ; 2.76
21/06/2018 12:00 ; 2.74 ; 2.78
21/06/2018 00:00 ; 2.75 ; 2.78
22/06/2018 12:00 ; 2.73 ; 2.79
22/06/2018 00:00 ; 2.7 ; 2.78
23/06/2018 12:00 ; 2.71 ; 2.76
23/06/2018 00:00 ; 2.71 ; 2.79
24/06/2018 12:00 ; 2.64 ; 2.73
24/06/2018 00:00 ; 2.67 ; 2.76
25/06/2018 12:00 ; 2.59 ; 2.68
25/06/2018 00:00 ; 2.62 ; 2.73
26/06/2018 12:00 ; 2.56 ; 2.64
26/06/2018 00:00 ; 2.57 ; 2.68
27/06/2018 12:00 ; 2.55 ; 2.6
27/06/2018 00:00 ; 2.54 ; 2.64
28/06/2018 12:00 ; 2.52 ; 2.58
28/06/2018 00:00 ; 2.52 ; 2.6
29/06/2018 12:00 ; 2.55 ; 2.58
29/06/2018 00:00 ; 2.54 ; 2.58
30/06/2018 12:00 ; 2.53 ; 2.55
30/06/2018 00:00 ; 2.5 ; 2.58
01/07/2018 12:00 ; 2.48 ; 2.53
01/07/2018 00:00 ; 2.48 ; 2.55
02/07/2018 12:00 ; 2.47 ; 2.53
02/07/2018 00:00 ; 2.51 ; 2.53
03/07/2018 12:00 ; 2.45 ; 2.53
03/07/2018 00:00 ; 2.46 ; 2.53
04/07/2018 12:00 ; 2.44 ; 2.53
04/07/2018 00:00 ; 2.44 ; 2.53
05/07/2018 12:00 ; 2.46 ; 2.53
05/07/2018 00:00 ; 2.46 ; 2.53
06/07/2018 12:00 ; 2.48 ; 2.55
06/07/2018 00:00 ; 2.48 ; 2.53
07/07/2018 12:00 ; 2.46 ; 2.55
07/07/2018 00:00 ; 2.47 ; 2.55
08/07/2018 12:00 ; 2.47 ; 2.53
08/07/2018 00:00 ; 2.45 ; 2.55
09/07/2018 12:00 ; 2.44 ; 2.53
09/07/2018 00:00 ; 2.44 ; 2.53
10/07/2018 12:00 ; 2.47 ; 2.55
10/07/2018 00:00 ; 2.47 ; 2.53
11/07/2018 12:00 ; 2.51 ; 2.57
11/07/2018 00:00 ; 2.48 ; 2.55
12/07/2018 12:00 ; 2.54 ; 2.62
12/07/2018 00:00 ; 2.53 ; 2.57
13/07/2018 12:00 ; 2.55 ; 2.62
13/07/2018 00:00 ; 2.55 ; 2.62
14/07/2018 12:00 ; 2.55 ; 2.58
14/07/2018 00:00 ; 2.54 ; 2.62
15/07/2018 12:00 ; 2.49 ; 2.58
15/07/2018 00:00 ; 2.51 ; 2.58
16/07/2018 12:00 ; 2.41 ; 2.5
16/07/2018 00:00 ; 2.47 ; 2.58
17/07/2018 12:00 ; 2.36 ; 2.43
17/07/2018 00:00 ; 2.39 ; 2.5
18/07/2018 12:00 ; 2.33 ; 2.39
18/07/2018 00:00 ; 2.35 ; 2.43
19/07/2018 12:00 ; 2.29 ; 2.39
19/07/2018 00:00 ; 2.27 ; 2.39
20/07/2018 12:00 ; 2.2 ; 2.32
20/07/2018 00:00 ; 2.27 ; 2.39
21/07/2018 12:00 ; 2.23 ; 2.32
21/07/2018 00:00 ; 2.21 ; 2.32
22/07/2018 12:00 ; 2.19 ; 2.3
22/07/2018 00:00 ; 2.21 ; 2.3
23/07/2018 12:00 ; 2.21 ; 2.28
23/07/2018 00:00 ; 2.22 ; 2.28
24/07/2018 12:00 ; 2.22 ; 2.26
24/07/2018 00:00 ; 2.2 ; 2.28
25/07/2018 12:00 ; 2.22 ; 2.25
25/07/2018 00:00 ; 2.22 ; 2.26
26/07/2018 12:00 ; 2.18 ; 2.24
26/07/2018 00:00 ; 2.13 ; 2.25
27/07/2018 12:00 ; 2.19 ; 2.24
27/07/2018 00:00 ; 2.18 ; 2.24
28/07/2018 12:00 ; 2.2 ; 2.2
28/07/2018 00:00 ; 2.2 ; 2.21
29/07/2018 12:00 ; 2.22 ; 2.18
29/07/2018 00:00 ; 2.22 ; 2.2
30/07/2018 12:00 ; 2.25 ; 2.16
30/07/2018 00:00 ; 2.18 ; 2.18